locus_id	gretil_file	class	locus	status	reported_ref	gretil_reply	last_touch
G001	sa_vAlmIki-rAmAyaNa-southern-2.txt	verified	2,1.4	draft-unsent	OUTREACH_2026-07-10_gretil_etext_corrections.md		2026-10-05
G002	sa_vAlmIki-rAmAyaNa-southern-2.txt	verified	2,8.8	draft-unsent	OUTREACH_2026-07-10_gretil_etext_corrections.md		2026-10-05
G003	sa_vAlmIki-rAmAyaNa-southern-2.txt	verified	2,16.13	draft-unsent	OUTREACH_2026-07-10_gretil_etext_corrections.md		2026-10-05
G004	sa_vAlmIki-rAmAyaNa-southern-2.txt	verified	2,19.6	draft-unsent	OUTREACH_2026-07-10_gretil_etext_corrections.md		2026-10-05
G005	sa_vAlmIki-rAmAyaNa-southern-2.txt	verified	2,20.34	draft-unsent	OUTREACH_2026-07-10_gretil_etext_corrections.md		2026-10-05
G006	sa_vAlmIki-rAmAyaNa-southern-2.txt	verified	2,34.33	draft-unsent	OUTREACH_2026-07-10_gretil_etext_corrections.md		2026-10-05
G007	sa_vAlmIki-rAmAyaNa-southern-2.txt	verified	2,38.16	draft-unsent	OUTREACH_2026-07-10_gretil_etext_corrections.md		2026-10-05
G008	sa_vAlmIki-rAmAyaNa-southern-2.txt	verified	2,42.15	draft-unsent	OUTREACH_2026-07-10_gretil_etext_corrections.md		2026-10-05
G009	sa_vAlmIki-rAmAyaNa-southern-2.txt	verified	2,6.21	draft-unsent	OUTREACH_2026-07-10_gretil_etext_corrections.md		2026-10-05
G010	sa_mArkaNDeyapurANa1-93.txt	verified	2.47	draft-unsent	OUTREACH_2026-07-10_gretil_etext_corrections.md		2026-10-05
G011	sa_mArkaNDeyapurANa1-93.txt	verified	9.2	draft-unsent	OUTREACH_2026-07-10_gretil_etext_corrections.md		2026-10-05
G012	sa_mArkaNDeyapurANa1-93.txt	verified	11.3	draft-unsent	OUTREACH_2026-07-10_gretil_etext_corrections.md		2026-10-05
G013	sa_mArkaNDeyapurANa1-93.txt	verified	14.75	draft-unsent	OUTREACH_2026-07-10_gretil_etext_corrections.md		2026-10-05
G014	sa_mArkaNDeyapurANa1-93.txt	verified	19.25	draft-unsent	OUTREACH_2026-07-10_gretil_etext_corrections.md		2026-10-05
G015	sa_mArkaNDeyapurANa1-93.txt	verified	19.29	draft-unsent	OUTREACH_2026-07-10_gretil_etext_corrections.md		2026-10-05
G016	sa_mArkaNDeyapurANa1-93.txt	anomalous	8.63	draft-unsent	OUTREACH_2026-07-10_gretil_etext_corrections.md		2026-10-05
G017	sa_mArkaNDeyapurANa1-93.txt	anomalous	8.124	draft-unsent	OUTREACH_2026-07-10_gretil_etext_corrections.md		2026-10-05
G018	sa_mArkaNDeyapurANa1-93.txt	anomalous	8.205	draft-unsent	OUTREACH_2026-07-10_gretil_etext_corrections.md		2026-10-05
G019	sa_mArkaNDeyapurANa1-93.txt	anomalous	14.60	draft-unsent	OUTREACH_2026-07-10_gretil_etext_corrections.md		2026-10-05
G020	sa_mArkaNDeyapurANa1-93.txt	anomalous	15.20	draft-unsent	OUTREACH_2026-07-10_gretil_etext_corrections.md		2026-10-05
G021	sa_mArkaNDeyapurANa1-93.txt	anomalous	16.25	draft-unsent	OUTREACH_2026-07-10_gretil_etext_corrections.md		2026-10-05
G022	sa_mArkaNDeyapurANa1-93.txt	anomalous	16.81	draft-unsent	OUTREACH_2026-07-10_gretil_etext_corrections.md		2026-10-05
G023	sa_vidyAkara-subhASitaratnakoza.txt	verified	4.18	draft-unsent	OUTREACH_2026-07-10_gretil_etext_corrections.md		2026-10-05
G024	sa_vidyAkara-subhASitaratnakoza.txt	verified	9.16	draft-unsent	OUTREACH_2026-07-10_gretil_etext_corrections.md		2026-10-05
G025	sa_vidyAkara-subhASitaratnakoza.txt	verified	13.12	draft-unsent	OUTREACH_2026-07-10_gretil_etext_corrections.md		2026-10-05
G026	sa_vidyAkara-subhASitaratnakoza.txt	verified	16.67	draft-unsent	OUTREACH_2026-07-10_gretil_etext_corrections.md		2026-10-05
G027	sa_vidyAkara-subhASitaratnakoza.txt	verified	17.58	draft-unsent	OUTREACH_2026-07-10_gretil_etext_corrections.md		2026-10-05
G028	sa_vidyAkara-subhASitaratnakoza.txt	verified	18.1	draft-unsent	OUTREACH_2026-07-10_gretil_etext_corrections.md		2026-10-05
G029	sa_vidyAkara-subhASitaratnakoza.txt	verified	19.5	draft-unsent	OUTREACH_2026-07-10_gretil_etext_corrections.md		2026-10-05
G030	sa_vidyAkara-subhASitaratnakoza.txt	verified	19.32	draft-unsent	OUTREACH_2026-07-10_gretil_etext_corrections.md		2026-10-05
G031	sa_vidyAkara-subhASitaratnakoza.txt	verified	19.45	draft-unsent	OUTREACH_2026-07-10_gretil_etext_corrections.md		2026-10-05
G032	sa_vidyAkara-subhASitaratnakoza.txt	verified	19.48	draft-unsent	OUTREACH_2026-07-10_gretil_etext_corrections.md		2026-10-05
G033	sa_vidyAkara-subhASitaratnakoza.txt	verified	21.5	draft-unsent	OUTREACH_2026-07-10_gretil_etext_corrections.md		2026-10-05
G034	sa_vidyAkara-subhASitaratnakoza.txt	verified	21.25	draft-unsent	OUTREACH_2026-07-10_gretil_etext_corrections.md		2026-10-05
G035	sa_vidyAkara-subhASitaratnakoza.txt	anomalous	13.12	draft-unsent	OUTREACH_2026-07-10_gretil_etext_corrections.md		2026-10-05
G036	sa_manusmRti.txt	verified	4.61	draft-unsent	OUTREACH_2026-07-10_gretil_etext_corrections.md		2026-10-05
G037	sa_bhatRhari-zatakatraya.txt	verified	1.4	draft-unsent	OUTREACH_2026-07-10_gretil_etext_corrections.md		2026-10-05
G038	sa_bhatRhari-zatakatraya.txt	verified	1.7	draft-unsent	OUTREACH_2026-07-10_gretil_etext_corrections.md		2026-10-05
G039	sa_bhatRhari-zatakatraya.txt	verified	1.10	draft-unsent	OUTREACH_2026-07-10_gretil_etext_corrections.md		2026-10-05
G040	sa_bhatRhari-zatakatraya.txt	verified	1.11	draft-unsent	OUTREACH_2026-07-10_gretil_etext_corrections.md		2026-10-05
G041	sa_bhatRhari-zatakatraya.txt	verified	1.77	draft-unsent	OUTREACH_2026-07-10_gretil_etext_corrections.md		2026-10-05
G042	sa_bhatRhari-zatakatraya.txt	verified	1.93	draft-unsent	OUTREACH_2026-07-10_gretil_etext_corrections.md		2026-10-05
G043	sa_bhatRhari-zatakatraya.txt	verified	1.96	draft-unsent	OUTREACH_2026-07-10_gretil_etext_corrections.md		2026-10-05
G044	sa_bhatRhari-zatakatraya.txt	verified	2.3	draft-unsent	OUTREACH_2026-07-10_gretil_etext_corrections.md		2026-10-05
G045	sa_bhatRhari-zatakatraya.txt	verified	2.48	draft-unsent	OUTREACH_2026-07-10_gretil_etext_corrections.md		2026-10-05
G046	sa_bhatRhari-zatakatraya.txt	anomalous	1.74	draft-unsent	OUTREACH_2026-07-10_gretil_etext_corrections.md		2026-10-05
G047	sa_abhinavagupta-kramastotra.txt	verified	AgKs 23	draft-unsent	OUTREACH_2026-07-10_gretil_etext_corrections.md		2026-10-05
G048	sa_108-buddhist-stotras.txt	verified	14.7	draft-unsent	OUTREACH_2026-07-10_gretil_etext_corrections.md		2026-10-05
G049	sa_108-buddhist-stotras.txt	verified	20.4	draft-unsent	OUTREACH_2026-07-10_gretil_etext_corrections.md		2026-10-05
G050	sa_108-buddhist-stotras.txt	verified	24.8	draft-unsent	OUTREACH_2026-07-10_gretil_etext_corrections.md		2026-10-05
G051	sa_108-buddhist-stotras.txt	verified	57.5	draft-unsent	OUTREACH_2026-07-10_gretil_etext_corrections.md		2026-10-05
G052	sa_108-buddhist-stotras.txt	verified	59.5	draft-unsent	OUTREACH_2026-07-10_gretil_etext_corrections.md		2026-10-05
G053	sa_108-buddhist-stotras.txt	verified	108.29	draft-unsent	OUTREACH_2026-07-10_gretil_etext_corrections.md		2026-10-05
G054	sa_108-buddhist-stotras.txt	verified	108.116	draft-unsent	OUTREACH_2026-07-10_gretil_etext_corrections.md		2026-10-05
G055	sa_108-buddhist-stotras.txt	verified	108.142	draft-unsent	OUTREACH_2026-07-10_gretil_etext_corrections.md		2026-10-05
G056	sa_108-buddhist-stotras.txt	verified	108.146	draft-unsent	OUTREACH_2026-07-10_gretil_etext_corrections.md		2026-10-05
G057	sa_108-buddhist-stotras.txt	verified	108.147	draft-unsent	OUTREACH_2026-07-10_gretil_etext_corrections.md		2026-10-05
G058	sa_108-buddhist-stotras.txt	verified	108.158	draft-unsent	OUTREACH_2026-07-10_gretil_etext_corrections.md		2026-10-05
G059	sa_108-buddhist-stotras.txt	verified	1.15	draft-unsent	OUTREACH_2026-07-10_gretil_etext_corrections.md		2026-10-05
G060	sa_108-buddhist-stotras.txt	verified	1.32	draft-unsent	OUTREACH_2026-07-10_gretil_etext_corrections.md		2026-10-05
G061	sa_108-buddhist-stotras.txt	verified	18.2	draft-unsent	OUTREACH_2026-07-10_gretil_etext_corrections.md		2026-10-05
G062	sa_108-buddhist-stotras.txt	verified	18.39	draft-unsent	OUTREACH_2026-07-10_gretil_etext_corrections.md		2026-10-05
G063	sa_108-buddhist-stotras.txt	verified	18.78	draft-unsent	OUTREACH_2026-07-10_gretil_etext_corrections.md		2026-10-05
G064	sa_108-buddhist-stotras.txt	verified	18.84	draft-unsent	OUTREACH_2026-07-10_gretil_etext_corrections.md		2026-10-05
G065	sa_108-buddhist-stotras.txt	verified	25.25	draft-unsent	OUTREACH_2026-07-10_gretil_etext_corrections.md		2026-10-05
G066	sa_108-buddhist-stotras.txt	verified	39.5	draft-unsent	OUTREACH_2026-07-10_gretil_etext_corrections.md		2026-10-05
G067	sa_108-buddhist-stotras.txt	verified	55.6	draft-unsent	OUTREACH_2026-07-10_gretil_etext_corrections.md		2026-10-05
G068	sa_108-buddhist-stotras.txt	verified	6.2	draft-unsent	OUTREACH_2026-07-10_gretil_etext_corrections.md		2026-10-05
G069	sa_108-buddhist-stotras.txt	verified	108.130	draft-unsent	OUTREACH_2026-07-10_gretil_etext_corrections.md		2026-10-05
G070	sa_108-buddhist-stotras.txt	anomalous	6.11	draft-unsent	OUTREACH_2026-07-10_gretil_etext_corrections.md		2026-10-05
G071	sa_108-buddhist-stotras.txt	anomalous	59.5	draft-unsent	OUTREACH_2026-07-10_gretil_etext_corrections.md		2026-10-05
